epoch,accuracy,loss,val_accuracy,val_loss
0,0.9609550833702087,0.692075788974762,0.9777341485023499,0.6896657943725586
