epoch,accuracy,loss,val_accuracy,val_loss
0,0.9792134761810303,0.6865818500518799,0.9862475395202637,0.6850306391716003
1,0.9926966428756714,0.68062424659729,0.9882121682167053,0.679869532585144
2,0.992977499961853,0.675692081451416,0.9888670444488525,0.6748023629188538
